-- phpMyAdmin SQL Dump
-- version 4.9.0.1
-- https://www.phpmyadmin.net/
--
-- Host: 127.0.0.1
-- Generation Time: Apr 16, 2020 at 09:24 AM
-- Server version: 10.4.6-MariaDB
-- PHP Version: 7.3.8

SET SQL_MODE = "NO_AUTO_VALUE_ON_ZERO";
SET AUTOCOMMIT = 0;
START TRANSACTION;
SET time_zone = "+00:00";


/*!40101 SET @OLD_CHARACTER_SET_CLIENT=@@CHARACTER_SET_CLIENT */;
/*!40101 SET @OLD_CHARACTER_SET_RESULTS=@@CHARACTER_SET_RESULTS */;
/*!40101 SET @OLD_COLLATION_CONNECTION=@@COLLATION_CONNECTION */;
/*!40101 SET NAMES utf8mb4 */;

--
-- Database: `db_covid`
--

-- --------------------------------------------------------

--
-- Table structure for table `failed_jobs`
--

CREATE TABLE `failed_jobs` (
  `id` bigint(20) UNSIGNED NOT NULL,
  `connection` text COLLATE utf8mb4_unicode_ci NOT NULL,
  `queue` text COLLATE utf8mb4_unicode_ci NOT NULL,
  `payload` longtext COLLATE utf8mb4_unicode_ci NOT NULL,
  `exception` longtext COLLATE utf8mb4_unicode_ci NOT NULL,
  `failed_at` timestamp NOT NULL DEFAULT current_timestamp()
) ENGINE=InnoDB DEFAULT CHARSET=utf8mb4 COLLATE=utf8mb4_unicode_ci;

-- --------------------------------------------------------

--
-- Table structure for table `migrations`
--

CREATE TABLE `migrations` (
  `id` int(10) UNSIGNED NOT NULL,
  `migration` varchar(255) COLLATE utf8mb4_unicode_ci NOT NULL,
  `batch` int(11) NOT NULL
) ENGINE=InnoDB DEFAULT CHARSET=utf8mb4 COLLATE=utf8mb4_unicode_ci;

--
-- Dumping data for table `migrations`
--

INSERT INTO `migrations` (`id`, `migration`, `batch`) VALUES
(1, '2014_10_12_000000_create_users_table', 1),
(2, '2014_10_12_100000_create_password_resets_table', 1),
(3, '2019_08_19_000000_create_failed_jobs_table', 1);

-- --------------------------------------------------------

--
-- Table structure for table `password_resets`
--

CREATE TABLE `password_resets` (
  `email` varchar(255) COLLATE utf8mb4_unicode_ci NOT NULL,
  `token` varchar(255) COLLATE utf8mb4_unicode_ci NOT NULL,
  `created_at` timestamp NULL DEFAULT NULL
) ENGINE=InnoDB DEFAULT CHARSET=utf8mb4 COLLATE=utf8mb4_unicode_ci;

-- --------------------------------------------------------

--
-- Table structure for table `tb_pertanyaan`
--

CREATE TABLE `tb_pertanyaan` (
  `id_pertanyaan` int(50) NOT NULL,
  `jenis` text NOT NULL,
  `desk` text NOT NULL
) ENGINE=InnoDB DEFAULT CHARSET=latin1;

--
-- Dumping data for table `tb_pertanyaan`
--

INSERT INTO `tb_pertanyaan` (`id_pertanyaan`, `jenis`, `desk`) VALUES
(22, 'POTENSI TERTULAR DI LUAR RUMAH', 'Saya pergi keluar rumah'),
(23, 'POTENSI TERTULAR DI LUAR RUMAH', 'Saya menggunakan transportasi umum : online,angkot,bus,taksi,kereta api'),
(24, 'POTENSI TERTULAR DI LUAR RUMAH', 'Saya tidak memakai masker pada saat berkumpul dengan orang lain'),
(25, 'POTENSI TERTULAR DI LUAR RUMAH', 'Saya berjabat tangan dengan orang lain'),
(26, 'POTENSI TERTULAR DI LUAR RUMAH', 'Saya tidak membersihkan tangan dengan hand sanitizer / tissue basah sebelum pegang kemudi mobil/motor'),
(27, 'POTENSI TERTULAR DI LUAR RUMAH', 'Saya menyentuh benda/uang yang juga disentuh orang lain'),
(28, 'POTENSI TERTULAR DI LUAR RUMAH', 'Saya tidak menjaga jarak 1,5 meter dengan orang lain ketika : belanja,bekerja,belajar,ibadah.'),
(29, 'POTENSI TERTULAR DI LUAR RUMAH', 'Saya makan diluar rumah (warung /restaurant)'),
(30, 'POTENSI TERTULAR DI LUAR RUMAH', 'Saya tidak minum air hangat & cuci tangan dengan sabun setelah tiba di tujuan.'),
(31, 'POTENSI TERTULAR DI LUAR RUMAH', 'Saya berada di wilayah kelurahan tempat pasien tertular'),
(32, 'POTENSI TERTULAR DI DALAM RUMAH', 'Saya tidak pasang hand sanitizer di depan pintu masuk,untuk bersihkan tangan sebelum pegang gagang(handle) pintu masuk rumah'),
(33, 'POTENSI TERTULAR DI DALAM RUMAH', 'Saya tidak mencuci tangan dengan sabun setelah tiba di rumah'),
(34, 'POTENSI TERTULAR DI DALAM RUMAH', 'Saya tidak menyediakan : tissue basah/antiseptic,masker,sabun antiseptic bagi keluarga di rumah'),
(35, 'POTENSI TERTULAR DI DALAM RUMAH', 'Saya tidak segera merendam baju &celana bekas pakai di luar rumah kedalam air panas/sabun.'),
(36, 'POTENSI TERTULAR DI DALAM RUMAH', 'Saya tidak segera mandi keramas setelah saya tiba di rumah'),
(37, 'POTENSI TERTULAR DI DALAM RUMAH', 'Saya tidak mensosialisasikan check list penilaian resiko pribadi ini kepada keluarga di rumah'),
(38, 'DAYA TAHAN TUBUH(IMUNITAS)', 'Saya dalam sehari tidak kena cahaya matahari minimal 15 menit'),
(39, 'DAYA TAHAN TUBUH(IMUNITAS)', 'Saya tidak jalan kaki / berolahraga minimal 30 menit setiap hari'),
(40, 'DAYA TAHAN TUBUH(IMUNITAS)', 'Saya jarang minum vitamin C& E,dan kurang tidur'),
(41, 'DAYA TAHAN TUBUH(IMUNITAS)', 'Usia saya diatas 60 tahun'),
(42, 'DAYA TAHAN TUBUH(IMUNITAS)', 'Saya mempunyai penyakit : jantung/diabetes/gangguan pernafasan kronik');

-- --------------------------------------------------------

--
-- Table structure for table `tb_survey`
--

CREATE TABLE `tb_survey` (
  `id_survey` int(20) NOT NULL,
  `id` int(20) NOT NULL,
  `id_pertanyaan` int(50) NOT NULL,
  `value` int(20) NOT NULL,
  `created_at` datetime NOT NULL,
  `updated_at` datetime NOT NULL
) ENGINE=InnoDB DEFAULT CHARSET=latin1;

--
-- Dumping data for table `tb_survey`
--

INSERT INTO `tb_survey` (`id_survey`, `id`, `id_pertanyaan`, `value`, `created_at`, `updated_at`) VALUES
(3, 1, 22, 1, '2020-04-15 15:14:57', '2020-04-15 15:14:57'),
(4, 1, 23, 1, '2020-04-15 15:14:58', '2020-04-15 15:14:58'),
(5, 1, 24, 1, '2020-04-15 15:14:58', '2020-04-15 15:14:58'),
(6, 1, 25, 0, '2020-04-15 15:14:58', '2020-04-15 15:14:58'),
(7, 1, 26, 0, '2020-04-15 15:14:58', '2020-04-15 15:14:58'),
(8, 1, 27, 0, '2020-04-15 15:14:58', '2020-04-15 15:14:58'),
(9, 1, 28, 1, '2020-04-15 15:14:58', '2020-04-15 15:14:58'),
(10, 1, 29, 1, '2020-04-15 15:14:58', '2020-04-15 15:14:58'),
(11, 1, 30, 1, '2020-04-15 15:14:58', '2020-04-15 15:14:58'),
(12, 1, 31, 1, '2020-04-15 15:14:58', '2020-04-15 15:14:58'),
(13, 1, 32, 1, '2020-04-15 15:14:58', '2020-04-15 15:14:58'),
(14, 1, 33, 1, '2020-04-15 15:14:58', '2020-04-15 15:14:58'),
(15, 1, 34, 1, '2020-04-15 15:14:58', '2020-04-15 15:14:58'),
(16, 1, 35, 1, '2020-04-15 15:14:58', '2020-04-15 15:14:58'),
(17, 1, 36, 1, '2020-04-15 15:14:58', '2020-04-15 15:14:58'),
(18, 1, 37, 1, '2020-04-15 15:14:59', '2020-04-15 15:14:59'),
(19, 1, 38, 1, '2020-04-15 15:14:59', '2020-04-15 15:14:59'),
(20, 1, 39, 1, '2020-04-15 15:14:59', '2020-04-15 15:14:59'),
(21, 1, 40, 0, '2020-04-15 15:14:59', '2020-04-15 15:14:59'),
(22, 1, 41, 0, '2020-04-15 15:14:59', '2020-04-15 15:14:59'),
(23, 1, 42, 1, '2020-04-15 15:14:59', '2020-04-15 15:14:59'),
(24, 1, 22, 1, '2020-04-16 02:29:27', '2020-04-16 02:29:27'),
(25, 1, 23, 0, '2020-04-16 02:29:28', '2020-04-16 02:29:28'),
(26, 1, 24, 1, '2020-04-16 02:29:28', '2020-04-16 02:29:28'),
(27, 1, 25, 1, '2020-04-16 02:29:28', '2020-04-16 02:29:28'),
(28, 1, 26, 1, '2020-04-16 02:29:28', '2020-04-16 02:29:28'),
(29, 1, 27, 1, '2020-04-16 02:29:28', '2020-04-16 02:29:28'),
(30, 1, 28, 1, '2020-04-16 02:29:28', '2020-04-16 02:29:28'),
(31, 1, 29, 1, '2020-04-16 02:29:29', '2020-04-16 02:29:29'),
(32, 1, 30, 1, '2020-04-16 02:29:29', '2020-04-16 02:29:29'),
(33, 1, 31, 1, '2020-04-16 02:29:29', '2020-04-16 02:29:29'),
(34, 1, 32, 1, '2020-04-16 02:29:29', '2020-04-16 02:29:29'),
(35, 1, 33, 1, '2020-04-16 02:29:29', '2020-04-16 02:29:29'),
(36, 1, 34, 0, '2020-04-16 02:29:29', '2020-04-16 02:29:29'),
(37, 1, 35, 0, '2020-04-16 02:29:29', '2020-04-16 02:29:29'),
(38, 1, 36, 0, '2020-04-16 02:29:29', '2020-04-16 02:29:29'),
(39, 1, 37, 0, '2020-04-16 02:29:29', '2020-04-16 02:29:29'),
(40, 1, 38, 1, '2020-04-16 02:29:29', '2020-04-16 02:29:29'),
(41, 1, 39, 1, '2020-04-16 02:29:29', '2020-04-16 02:29:29'),
(42, 1, 40, 1, '2020-04-16 02:29:29', '2020-04-16 02:29:29'),
(43, 1, 41, 1, '2020-04-16 02:29:29', '2020-04-16 02:29:29'),
(44, 1, 42, 1, '2020-04-16 02:29:29', '2020-04-16 02:29:29'),
(45, 1, 22, 1, '2020-04-16 02:33:09', '2020-04-16 02:33:09'),
(46, 1, 23, 0, '2020-04-16 02:33:09', '2020-04-16 02:33:09'),
(47, 1, 24, 1, '2020-04-16 02:33:09', '2020-04-16 02:33:09'),
(48, 1, 25, 1, '2020-04-16 02:33:09', '2020-04-16 02:33:09'),
(49, 1, 26, 1, '2020-04-16 02:33:09', '2020-04-16 02:33:09'),
(50, 1, 27, 1, '2020-04-16 02:33:09', '2020-04-16 02:33:09'),
(51, 1, 28, 1, '2020-04-16 02:33:09', '2020-04-16 02:33:09'),
(52, 1, 29, 1, '2020-04-16 02:33:10', '2020-04-16 02:33:10'),
(53, 1, 30, 0, '2020-04-16 02:33:10', '2020-04-16 02:33:10'),
(54, 1, 31, 0, '2020-04-16 02:33:10', '2020-04-16 02:33:10'),
(55, 1, 32, 1, '2020-04-16 02:33:10', '2020-04-16 02:33:10'),
(56, 1, 33, 1, '2020-04-16 02:33:10', '2020-04-16 02:33:10'),
(57, 1, 34, 1, '2020-04-16 02:33:10', '2020-04-16 02:33:10'),
(58, 1, 35, 1, '2020-04-16 02:33:10', '2020-04-16 02:33:10'),
(59, 1, 36, 1, '2020-04-16 02:33:10', '2020-04-16 02:33:10'),
(60, 1, 37, 1, '2020-04-16 02:33:10', '2020-04-16 02:33:10'),
(61, 1, 38, 1, '2020-04-16 02:33:10', '2020-04-16 02:33:10'),
(62, 1, 39, 0, '2020-04-16 02:33:10', '2020-04-16 02:33:10'),
(63, 1, 40, 0, '2020-04-16 02:33:10', '2020-04-16 02:33:10'),
(64, 1, 41, 0, '2020-04-16 02:33:10', '2020-04-16 02:33:10'),
(65, 1, 42, 0, '2020-04-16 02:33:10', '2020-04-16 02:33:10'),
(66, 1, 22, 1, '2020-04-16 02:34:47', '2020-04-16 02:34:47'),
(67, 1, 23, 0, '2020-04-16 02:34:47', '2020-04-16 02:34:47'),
(68, 1, 24, 1, '2020-04-16 02:34:47', '2020-04-16 02:34:47'),
(69, 1, 25, 1, '2020-04-16 02:34:47', '2020-04-16 02:34:47'),
(70, 1, 26, 1, '2020-04-16 02:34:47', '2020-04-16 02:34:47'),
(71, 1, 27, 1, '2020-04-16 02:34:47', '2020-04-16 02:34:47'),
(72, 1, 28, 1, '2020-04-16 02:34:47', '2020-04-16 02:34:47'),
(73, 1, 29, 1, '2020-04-16 02:34:47', '2020-04-16 02:34:47'),
(74, 1, 30, 0, '2020-04-16 02:34:47', '2020-04-16 02:34:47'),
(75, 1, 31, 0, '2020-04-16 02:34:47', '2020-04-16 02:34:47'),
(76, 1, 32, 1, '2020-04-16 02:34:47', '2020-04-16 02:34:47'),
(77, 1, 33, 1, '2020-04-16 02:34:47', '2020-04-16 02:34:47'),
(78, 1, 34, 1, '2020-04-16 02:34:47', '2020-04-16 02:34:47'),
(79, 1, 35, 1, '2020-04-16 02:34:48', '2020-04-16 02:34:48'),
(80, 1, 36, 1, '2020-04-16 02:34:48', '2020-04-16 02:34:48'),
(81, 1, 37, 1, '2020-04-16 02:34:48', '2020-04-16 02:34:48'),
(82, 1, 38, 1, '2020-04-16 02:34:48', '2020-04-16 02:34:48'),
(83, 1, 39, 0, '2020-04-16 02:34:48', '2020-04-16 02:34:48'),
(84, 1, 40, 0, '2020-04-16 02:34:48', '2020-04-16 02:34:48'),
(85, 1, 41, 0, '2020-04-16 02:34:48', '2020-04-16 02:34:48'),
(86, 1, 42, 0, '2020-04-16 02:34:48', '2020-04-16 02:34:48'),
(87, 1, 22, 1, '2020-04-16 02:35:13', '2020-04-16 02:35:13'),
(88, 1, 23, 0, '2020-04-16 02:35:13', '2020-04-16 02:35:13'),
(89, 1, 24, 1, '2020-04-16 02:35:13', '2020-04-16 02:35:13'),
(90, 1, 25, 1, '2020-04-16 02:35:13', '2020-04-16 02:35:13'),
(91, 1, 26, 1, '2020-04-16 02:35:13', '2020-04-16 02:35:13'),
(92, 1, 27, 1, '2020-04-16 02:35:13', '2020-04-16 02:35:13'),
(93, 1, 28, 1, '2020-04-16 02:35:13', '2020-04-16 02:35:13'),
(94, 1, 29, 1, '2020-04-16 02:35:14', '2020-04-16 02:35:14'),
(95, 1, 30, 0, '2020-04-16 02:35:14', '2020-04-16 02:35:14'),
(96, 1, 31, 0, '2020-04-16 02:35:14', '2020-04-16 02:35:14'),
(97, 1, 32, 1, '2020-04-16 02:35:14', '2020-04-16 02:35:14'),
(98, 1, 33, 1, '2020-04-16 02:35:14', '2020-04-16 02:35:14'),
(99, 1, 34, 1, '2020-04-16 02:35:15', '2020-04-16 02:35:15'),
(100, 1, 35, 1, '2020-04-16 02:35:15', '2020-04-16 02:35:15'),
(101, 1, 36, 1, '2020-04-16 02:35:15', '2020-04-16 02:35:15'),
(102, 1, 37, 1, '2020-04-16 02:35:15', '2020-04-16 02:35:15'),
(103, 1, 38, 1, '2020-04-16 02:35:15', '2020-04-16 02:35:15'),
(104, 1, 39, 0, '2020-04-16 02:35:15', '2020-04-16 02:35:15'),
(105, 1, 40, 0, '2020-04-16 02:35:15', '2020-04-16 02:35:15'),
(106, 1, 41, 0, '2020-04-16 02:35:15', '2020-04-16 02:35:15'),
(107, 1, 42, 0, '2020-04-16 02:35:15', '2020-04-16 02:35:15'),
(108, 1, 22, 1, '2020-04-16 02:38:53', '2020-04-16 02:38:53'),
(109, 1, 23, 0, '2020-04-16 02:38:53', '2020-04-16 02:38:53'),
(110, 1, 24, 1, '2020-04-16 02:38:53', '2020-04-16 02:38:53'),
(111, 1, 25, 1, '2020-04-16 02:38:53', '2020-04-16 02:38:53'),
(112, 1, 26, 1, '2020-04-16 02:38:53', '2020-04-16 02:38:53'),
(113, 1, 27, 1, '2020-04-16 02:38:53', '2020-04-16 02:38:53'),
(114, 1, 28, 1, '2020-04-16 02:38:53', '2020-04-16 02:38:53'),
(115, 1, 29, 1, '2020-04-16 02:38:53', '2020-04-16 02:38:53'),
(116, 1, 30, 0, '2020-04-16 02:38:53', '2020-04-16 02:38:53'),
(117, 1, 31, 0, '2020-04-16 02:38:53', '2020-04-16 02:38:53'),
(118, 1, 32, 1, '2020-04-16 02:38:53', '2020-04-16 02:38:53'),
(119, 1, 33, 1, '2020-04-16 02:38:53', '2020-04-16 02:38:53'),
(120, 1, 34, 1, '2020-04-16 02:38:53', '2020-04-16 02:38:53'),
(121, 1, 35, 1, '2020-04-16 02:38:53', '2020-04-16 02:38:53'),
(122, 1, 36, 1, '2020-04-16 02:38:53', '2020-04-16 02:38:53'),
(123, 1, 37, 1, '2020-04-16 02:38:53', '2020-04-16 02:38:53'),
(124, 1, 38, 1, '2020-04-16 02:38:54', '2020-04-16 02:38:54'),
(125, 1, 39, 0, '2020-04-16 02:38:54', '2020-04-16 02:38:54'),
(126, 1, 40, 0, '2020-04-16 02:38:54', '2020-04-16 02:38:54'),
(127, 1, 41, 0, '2020-04-16 02:38:54', '2020-04-16 02:38:54'),
(128, 1, 42, 0, '2020-04-16 02:38:54', '2020-04-16 02:38:54'),
(129, 1, 22, 1, '2020-04-16 02:40:43', '2020-04-16 02:40:43'),
(130, 1, 23, 0, '2020-04-16 02:40:43', '2020-04-16 02:40:43'),
(131, 1, 24, 1, '2020-04-16 02:40:43', '2020-04-16 02:40:43'),
(132, 1, 25, 1, '2020-04-16 02:40:44', '2020-04-16 02:40:44'),
(133, 1, 26, 1, '2020-04-16 02:40:44', '2020-04-16 02:40:44'),
(134, 1, 27, 1, '2020-04-16 02:40:44', '2020-04-16 02:40:44'),
(135, 1, 28, 1, '2020-04-16 02:40:44', '2020-04-16 02:40:44'),
(136, 1, 29, 1, '2020-04-16 02:40:44', '2020-04-16 02:40:44'),
(137, 1, 30, 0, '2020-04-16 02:40:44', '2020-04-16 02:40:44'),
(138, 1, 31, 0, '2020-04-16 02:40:44', '2020-04-16 02:40:44'),
(139, 1, 32, 1, '2020-04-16 02:40:44', '2020-04-16 02:40:44'),
(140, 1, 33, 1, '2020-04-16 02:40:44', '2020-04-16 02:40:44'),
(141, 1, 34, 1, '2020-04-16 02:40:44', '2020-04-16 02:40:44'),
(142, 1, 35, 1, '2020-04-16 02:40:44', '2020-04-16 02:40:44'),
(143, 1, 36, 1, '2020-04-16 02:40:44', '2020-04-16 02:40:44'),
(144, 1, 37, 1, '2020-04-16 02:40:44', '2020-04-16 02:40:44'),
(145, 1, 38, 1, '2020-04-16 02:40:44', '2020-04-16 02:40:44'),
(146, 1, 39, 0, '2020-04-16 02:40:44', '2020-04-16 02:40:44'),
(147, 1, 40, 0, '2020-04-16 02:40:44', '2020-04-16 02:40:44'),
(148, 1, 41, 0, '2020-04-16 02:40:44', '2020-04-16 02:40:44'),
(149, 1, 42, 0, '2020-04-16 02:40:44', '2020-04-16 02:40:44'),
(150, 1, 22, 1, '2020-04-16 03:42:20', '2020-04-16 03:42:20'),
(151, 1, 23, 0, '2020-04-16 03:42:20', '2020-04-16 03:42:20'),
(152, 1, 24, 1, '2020-04-16 03:42:21', '2020-04-16 03:42:21'),
(153, 1, 25, 1, '2020-04-16 03:42:21', '2020-04-16 03:42:21'),
(154, 1, 26, 1, '2020-04-16 03:42:21', '2020-04-16 03:42:21'),
(155, 1, 27, 1, '2020-04-16 03:42:21', '2020-04-16 03:42:21'),
(156, 1, 28, 1, '2020-04-16 03:42:21', '2020-04-16 03:42:21'),
(157, 1, 29, 0, '2020-04-16 03:42:21', '2020-04-16 03:42:21'),
(158, 1, 30, 0, '2020-04-16 03:42:21', '2020-04-16 03:42:21'),
(159, 1, 31, 0, '2020-04-16 03:42:21', '2020-04-16 03:42:21'),
(160, 1, 32, 0, '2020-04-16 03:42:21', '2020-04-16 03:42:21'),
(161, 1, 33, 0, '2020-04-16 03:42:21', '2020-04-16 03:42:21'),
(162, 1, 34, 0, '2020-04-16 03:42:21', '2020-04-16 03:42:21'),
(163, 1, 35, 0, '2020-04-16 03:42:21', '2020-04-16 03:42:21'),
(164, 1, 36, 0, '2020-04-16 03:42:21', '2020-04-16 03:42:21'),
(165, 1, 37, 0, '2020-04-16 03:42:21', '2020-04-16 03:42:21'),
(166, 1, 38, 0, '2020-04-16 03:42:22', '2020-04-16 03:42:22'),
(167, 1, 39, 0, '2020-04-16 03:42:22', '2020-04-16 03:42:22'),
(168, 1, 40, 1, '2020-04-16 03:42:22', '2020-04-16 03:42:22'),
(169, 1, 41, 1, '2020-04-16 03:42:22', '2020-04-16 03:42:22'),
(170, 1, 42, 1, '2020-04-16 03:42:22', '2020-04-16 03:42:22'),
(171, 1, 22, 1, '2020-04-16 03:45:21', '2020-04-16 03:45:21'),
(172, 1, 23, 0, '2020-04-16 03:45:21', '2020-04-16 03:45:21'),
(173, 1, 24, 1, '2020-04-16 03:45:21', '2020-04-16 03:45:21'),
(174, 1, 25, 1, '2020-04-16 03:45:21', '2020-04-16 03:45:21'),
(175, 1, 26, 1, '2020-04-16 03:45:22', '2020-04-16 03:45:22'),
(176, 1, 27, 1, '2020-04-16 03:45:22', '2020-04-16 03:45:22'),
(177, 1, 28, 1, '2020-04-16 03:45:22', '2020-04-16 03:45:22'),
(178, 1, 29, 0, '2020-04-16 03:45:22', '2020-04-16 03:45:22'),
(179, 1, 30, 0, '2020-04-16 03:45:22', '2020-04-16 03:45:22'),
(180, 1, 31, 0, '2020-04-16 03:45:22', '2020-04-16 03:45:22'),
(181, 1, 32, 0, '2020-04-16 03:45:22', '2020-04-16 03:45:22'),
(182, 1, 33, 0, '2020-04-16 03:45:22', '2020-04-16 03:45:22'),
(183, 1, 34, 0, '2020-04-16 03:45:22', '2020-04-16 03:45:22'),
(184, 1, 35, 0, '2020-04-16 03:45:22', '2020-04-16 03:45:22'),
(185, 1, 36, 0, '2020-04-16 03:45:23', '2020-04-16 03:45:23'),
(186, 1, 37, 0, '2020-04-16 03:45:23', '2020-04-16 03:45:23'),
(187, 1, 38, 0, '2020-04-16 03:45:23', '2020-04-16 03:45:23'),
(188, 1, 39, 0, '2020-04-16 03:45:23', '2020-04-16 03:45:23'),
(189, 1, 40, 1, '2020-04-16 03:45:23', '2020-04-16 03:45:23'),
(190, 1, 41, 1, '2020-04-16 03:45:23', '2020-04-16 03:45:23'),
(191, 1, 42, 1, '2020-04-16 03:45:23', '2020-04-16 03:45:23'),
(192, 1, 22, 1, '2020-04-16 03:47:08', '2020-04-16 03:47:08'),
(193, 1, 23, 0, '2020-04-16 03:47:09', '2020-04-16 03:47:09'),
(194, 1, 24, 0, '2020-04-16 03:47:09', '2020-04-16 03:47:09'),
(195, 1, 25, 0, '2020-04-16 03:47:09', '2020-04-16 03:47:09'),
(196, 1, 26, 0, '2020-04-16 03:47:09', '2020-04-16 03:47:09'),
(197, 1, 27, 0, '2020-04-16 03:47:09', '2020-04-16 03:47:09'),
(198, 1, 28, 0, '2020-04-16 03:47:09', '2020-04-16 03:47:09'),
(199, 1, 29, 0, '2020-04-16 03:47:09', '2020-04-16 03:47:09'),
(200, 1, 30, 0, '2020-04-16 03:47:09', '2020-04-16 03:47:09'),
(201, 1, 31, 0, '2020-04-16 03:47:09', '2020-04-16 03:47:09'),
(202, 1, 32, 0, '2020-04-16 03:47:09', '2020-04-16 03:47:09'),
(203, 1, 33, 0, '2020-04-16 03:47:09', '2020-04-16 03:47:09'),
(204, 1, 34, 0, '2020-04-16 03:47:09', '2020-04-16 03:47:09'),
(205, 1, 35, 0, '2020-04-16 03:47:09', '2020-04-16 03:47:09'),
(206, 1, 36, 0, '2020-04-16 03:47:09', '2020-04-16 03:47:09'),
(207, 1, 37, 0, '2020-04-16 03:47:09', '2020-04-16 03:47:09'),
(208, 1, 38, 0, '2020-04-16 03:47:09', '2020-04-16 03:47:09'),
(209, 1, 39, 0, '2020-04-16 03:47:09', '2020-04-16 03:47:09'),
(210, 1, 40, 0, '2020-04-16 03:47:09', '2020-04-16 03:47:09'),
(211, 1, 41, 0, '2020-04-16 03:47:09', '2020-04-16 03:47:09'),
(212, 1, 42, 0, '2020-04-16 03:47:09', '2020-04-16 03:47:09'),
(213, 1, 22, 1, '2020-04-16 04:07:19', '2020-04-16 04:07:19'),
(214, 1, 23, 1, '2020-04-16 04:07:19', '2020-04-16 04:07:19'),
(215, 1, 24, 1, '2020-04-16 04:07:19', '2020-04-16 04:07:19'),
(216, 1, 25, 1, '2020-04-16 04:07:19', '2020-04-16 04:07:19'),
(217, 1, 26, 1, '2020-04-16 04:07:19', '2020-04-16 04:07:19'),
(218, 1, 27, 0, '2020-04-16 04:07:19', '2020-04-16 04:07:19'),
(219, 1, 28, 0, '2020-04-16 04:07:19', '2020-04-16 04:07:19'),
(220, 1, 29, 0, '2020-04-16 04:07:19', '2020-04-16 04:07:19'),
(221, 1, 30, 0, '2020-04-16 04:07:19', '2020-04-16 04:07:19'),
(222, 1, 31, 0, '2020-04-16 04:07:19', '2020-04-16 04:07:19'),
(223, 1, 32, 0, '2020-04-16 04:07:19', '2020-04-16 04:07:19'),
(224, 1, 33, 0, '2020-04-16 04:07:19', '2020-04-16 04:07:19'),
(225, 1, 34, 0, '2020-04-16 04:07:19', '2020-04-16 04:07:19'),
(226, 1, 35, 0, '2020-04-16 04:07:19', '2020-04-16 04:07:19'),
(227, 1, 36, 0, '2020-04-16 04:07:19', '2020-04-16 04:07:19'),
(228, 1, 37, 0, '2020-04-16 04:07:19', '2020-04-16 04:07:19'),
(229, 1, 38, 0, '2020-04-16 04:07:20', '2020-04-16 04:07:20'),
(230, 1, 39, 0, '2020-04-16 04:07:20', '2020-04-16 04:07:20'),
(231, 1, 40, 0, '2020-04-16 04:07:20', '2020-04-16 04:07:20'),
(232, 1, 41, 0, '2020-04-16 04:07:20', '2020-04-16 04:07:20'),
(233, 1, 42, 0, '2020-04-16 04:07:20', '2020-04-16 04:07:20'),
(234, 2, 22, 1, '2020-04-16 04:10:46', '2020-04-16 04:10:46'),
(235, 2, 23, 1, '2020-04-16 04:10:47', '2020-04-16 04:10:47'),
(236, 2, 24, 1, '2020-04-16 04:10:47', '2020-04-16 04:10:47'),
(237, 2, 25, 1, '2020-04-16 04:10:47', '2020-04-16 04:10:47'),
(238, 2, 26, 1, '2020-04-16 04:10:47', '2020-04-16 04:10:47'),
(239, 2, 27, 0, '2020-04-16 04:10:47', '2020-04-16 04:10:47'),
(240, 2, 28, 0, '2020-04-16 04:10:47', '2020-04-16 04:10:47'),
(241, 2, 29, 0, '2020-04-16 04:10:47', '2020-04-16 04:10:47'),
(242, 2, 30, 0, '2020-04-16 04:10:47', '2020-04-16 04:10:47'),
(243, 2, 31, 0, '2020-04-16 04:10:47', '2020-04-16 04:10:47'),
(244, 2, 32, 0, '2020-04-16 04:10:47', '2020-04-16 04:10:47'),
(245, 2, 33, 0, '2020-04-16 04:10:47', '2020-04-16 04:10:47'),
(246, 2, 34, 0, '2020-04-16 04:10:47', '2020-04-16 04:10:47'),
(247, 2, 35, 0, '2020-04-16 04:10:47', '2020-04-16 04:10:47'),
(248, 2, 36, 0, '2020-04-16 04:10:47', '2020-04-16 04:10:47'),
(249, 2, 37, 0, '2020-04-16 04:10:47', '2020-04-16 04:10:47'),
(250, 2, 38, 0, '2020-04-16 04:10:47', '2020-04-16 04:10:47'),
(251, 2, 39, 0, '2020-04-16 04:10:47', '2020-04-16 04:10:47'),
(252, 2, 40, 0, '2020-04-16 04:10:47', '2020-04-16 04:10:47'),
(253, 2, 41, 0, '2020-04-16 04:10:47', '2020-04-16 04:10:47'),
(254, 2, 42, 0, '2020-04-16 04:10:47', '2020-04-16 04:10:47'),
(255, 3, 22, 1, '2020-04-16 04:14:02', '2020-04-16 04:14:02'),
(256, 3, 23, 1, '2020-04-16 04:14:02', '2020-04-16 04:14:02'),
(257, 3, 24, 1, '2020-04-16 04:14:02', '2020-04-16 04:14:02'),
(258, 3, 25, 1, '2020-04-16 04:14:02', '2020-04-16 04:14:02'),
(259, 3, 26, 1, '2020-04-16 04:14:02', '2020-04-16 04:14:02'),
(260, 3, 27, 0, '2020-04-16 04:14:02', '2020-04-16 04:14:02'),
(261, 3, 28, 0, '2020-04-16 04:14:02', '2020-04-16 04:14:02'),
(262, 3, 29, 0, '2020-04-16 04:14:02', '2020-04-16 04:14:02'),
(263, 3, 30, 0, '2020-04-16 04:14:02', '2020-04-16 04:14:02'),
(264, 3, 31, 0, '2020-04-16 04:14:02', '2020-04-16 04:14:02'),
(265, 3, 32, 0, '2020-04-16 04:14:02', '2020-04-16 04:14:02'),
(266, 3, 33, 0, '2020-04-16 04:14:02', '2020-04-16 04:14:02'),
(267, 3, 34, 0, '2020-04-16 04:14:02', '2020-04-16 04:14:02'),
(268, 3, 35, 0, '2020-04-16 04:14:02', '2020-04-16 04:14:02'),
(269, 3, 36, 0, '2020-04-16 04:14:03', '2020-04-16 04:14:03'),
(270, 3, 37, 0, '2020-04-16 04:14:03', '2020-04-16 04:14:03'),
(271, 3, 38, 0, '2020-04-16 04:14:03', '2020-04-16 04:14:03'),
(272, 3, 39, 0, '2020-04-16 04:14:03', '2020-04-16 04:14:03'),
(273, 3, 40, 0, '2020-04-16 04:14:03', '2020-04-16 04:14:03'),
(274, 3, 41, 0, '2020-04-16 04:14:03', '2020-04-16 04:14:03'),
(275, 3, 42, 0, '2020-04-16 04:14:03', '2020-04-16 04:14:03'),
(276, 3, 22, 1, '2020-04-16 04:29:45', '2020-04-16 04:29:45'),
(277, 3, 23, 1, '2020-04-16 04:29:45', '2020-04-16 04:29:45'),
(278, 3, 24, 1, '2020-04-16 04:29:45', '2020-04-16 04:29:45'),
(279, 3, 25, 1, '2020-04-16 04:29:45', '2020-04-16 04:29:45'),
(280, 3, 26, 1, '2020-04-16 04:29:45', '2020-04-16 04:29:45'),
(281, 3, 27, 1, '2020-04-16 04:29:45', '2020-04-16 04:29:45'),
(282, 3, 28, 1, '2020-04-16 04:29:45', '2020-04-16 04:29:45'),
(283, 3, 29, 1, '2020-04-16 04:29:45', '2020-04-16 04:29:45'),
(284, 3, 30, 0, '2020-04-16 04:29:45', '2020-04-16 04:29:45'),
(285, 3, 31, 0, '2020-04-16 04:29:45', '2020-04-16 04:29:45'),
(286, 3, 32, 0, '2020-04-16 04:29:45', '2020-04-16 04:29:45'),
(287, 3, 33, 0, '2020-04-16 04:29:45', '2020-04-16 04:29:45'),
(288, 3, 34, 0, '2020-04-16 04:29:45', '2020-04-16 04:29:45'),
(289, 3, 35, 0, '2020-04-16 04:29:46', '2020-04-16 04:29:46'),
(290, 3, 36, 0, '2020-04-16 04:29:46', '2020-04-16 04:29:46'),
(291, 3, 37, 0, '2020-04-16 04:29:46', '2020-04-16 04:29:46'),
(292, 3, 38, 0, '2020-04-16 04:29:46', '2020-04-16 04:29:46'),
(293, 3, 39, 0, '2020-04-16 04:29:46', '2020-04-16 04:29:46'),
(294, 3, 40, 0, '2020-04-16 04:29:46', '2020-04-16 04:29:46'),
(295, 3, 41, 0, '2020-04-16 04:29:46', '2020-04-16 04:29:46'),
(296, 3, 42, 0, '2020-04-16 04:29:46', '2020-04-16 04:29:46'),
(297, 3, 22, 1, '2020-04-16 06:24:46', '2020-04-16 06:24:46'),
(298, 3, 23, 1, '2020-04-16 06:24:46', '2020-04-16 06:24:46'),
(299, 3, 24, 0, '2020-04-16 06:24:46', '2020-04-16 06:24:46'),
(300, 3, 25, 1, '2020-04-16 06:24:46', '2020-04-16 06:24:46'),
(301, 3, 26, 1, '2020-04-16 06:24:46', '2020-04-16 06:24:46'),
(302, 3, 27, 1, '2020-04-16 06:24:46', '2020-04-16 06:24:46'),
(303, 3, 28, 1, '2020-04-16 06:24:46', '2020-04-16 06:24:46'),
(304, 3, 29, 1, '2020-04-16 06:24:46', '2020-04-16 06:24:46'),
(305, 3, 30, 1, '2020-04-16 06:24:46', '2020-04-16 06:24:46'),
(306, 3, 31, 1, '2020-04-16 06:24:46', '2020-04-16 06:24:46'),
(307, 3, 32, 1, '2020-04-16 06:24:46', '2020-04-16 06:24:46'),
(308, 3, 33, 1, '2020-04-16 06:24:46', '2020-04-16 06:24:46'),
(309, 3, 34, 0, '2020-04-16 06:24:46', '2020-04-16 06:24:46'),
(310, 3, 35, 1, '2020-04-16 06:24:46', '2020-04-16 06:24:46'),
(311, 3, 36, 1, '2020-04-16 06:24:46', '2020-04-16 06:24:46'),
(312, 3, 37, 0, '2020-04-16 06:24:46', '2020-04-16 06:24:46'),
(313, 3, 38, 1, '2020-04-16 06:24:47', '2020-04-16 06:24:47'),
(314, 3, 39, 0, '2020-04-16 06:24:47', '2020-04-16 06:24:47'),
(315, 3, 40, 1, '2020-04-16 06:24:47', '2020-04-16 06:24:47'),
(316, 3, 41, 1, '2020-04-16 06:24:47', '2020-04-16 06:24:47'),
(317, 3, 42, 1, '2020-04-16 06:24:47', '2020-04-16 06:24:47'),
(318, 4, 22, 1, '2020-04-16 07:00:45', '2020-04-16 07:00:45'),
(319, 4, 23, 1, '2020-04-16 07:00:45', '2020-04-16 07:00:45'),
(320, 4, 24, 0, '2020-04-16 07:00:45', '2020-04-16 07:00:45'),
(321, 4, 25, 0, '2020-04-16 07:00:45', '2020-04-16 07:00:45'),
(322, 4, 26, 0, '2020-04-16 07:00:45', '2020-04-16 07:00:45'),
(323, 4, 27, 1, '2020-04-16 07:00:45', '2020-04-16 07:00:45'),
(324, 4, 28, 1, '2020-04-16 07:00:45', '2020-04-16 07:00:45'),
(325, 4, 29, 1, '2020-04-16 07:00:45', '2020-04-16 07:00:45'),
(326, 4, 30, 1, '2020-04-16 07:00:45', '2020-04-16 07:00:45'),
(327, 4, 31, 1, '2020-04-16 07:00:46', '2020-04-16 07:00:46'),
(328, 4, 32, 0, '2020-04-16 07:00:46', '2020-04-16 07:00:46'),
(329, 4, 33, 0, '2020-04-16 07:00:46', '2020-04-16 07:00:46'),
(330, 4, 34, 0, '2020-04-16 07:00:46', '2020-04-16 07:00:46'),
(331, 4, 35, 0, '2020-04-16 07:00:46', '2020-04-16 07:00:46'),
(332, 4, 36, 0, '2020-04-16 07:00:46', '2020-04-16 07:00:46'),
(333, 4, 37, 0, '2020-04-16 07:00:46', '2020-04-16 07:00:46'),
(334, 4, 38, 1, '2020-04-16 07:00:46', '2020-04-16 07:00:46'),
(335, 4, 39, 1, '2020-04-16 07:00:46', '2020-04-16 07:00:46'),
(336, 4, 40, 1, '2020-04-16 07:00:46', '2020-04-16 07:00:46'),
(337, 4, 41, 1, '2020-04-16 07:00:46', '2020-04-16 07:00:46'),
(338, 4, 42, 1, '2020-04-16 07:00:46', '2020-04-16 07:00:46'),
(339, 4, 22, 1, '2020-04-16 07:08:31', '2020-04-16 07:08:31'),
(340, 4, 23, 0, '2020-04-16 07:08:31', '2020-04-16 07:08:31'),
(341, 4, 24, 1, '2020-04-16 07:08:31', '2020-04-16 07:08:31'),
(342, 4, 25, 1, '2020-04-16 07:08:31', '2020-04-16 07:08:31'),
(343, 4, 26, 1, '2020-04-16 07:08:31', '2020-04-16 07:08:31'),
(344, 4, 27, 0, '2020-04-16 07:08:31', '2020-04-16 07:08:31'),
(345, 4, 28, 1, '2020-04-16 07:08:31', '2020-04-16 07:08:31'),
(346, 4, 29, 1, '2020-04-16 07:08:31', '2020-04-16 07:08:31'),
(347, 4, 30, 1, '2020-04-16 07:08:32', '2020-04-16 07:08:32'),
(348, 4, 31, 1, '2020-04-16 07:08:32', '2020-04-16 07:08:32'),
(349, 4, 32, 1, '2020-04-16 07:08:32', '2020-04-16 07:08:32'),
(350, 4, 33, 0, '2020-04-16 07:08:32', '2020-04-16 07:08:32'),
(351, 4, 34, 1, '2020-04-16 07:08:32', '2020-04-16 07:08:32'),
(352, 4, 35, 1, '2020-04-16 07:08:32', '2020-04-16 07:08:32'),
(353, 4, 36, 1, '2020-04-16 07:08:32', '2020-04-16 07:08:32'),
(354, 4, 37, 0, '2020-04-16 07:08:32', '2020-04-16 07:08:32'),
(355, 4, 38, 1, '2020-04-16 07:08:32', '2020-04-16 07:08:32'),
(356, 4, 39, 1, '2020-04-16 07:08:32', '2020-04-16 07:08:32'),
(357, 4, 40, 1, '2020-04-16 07:08:32', '2020-04-16 07:08:32'),
(358, 4, 41, 1, '2020-04-16 07:08:32', '2020-04-16 07:08:32'),
(359, 4, 42, 1, '2020-04-16 07:08:32', '2020-04-16 07:08:32'),
(360, 4, 22, 1, '2020-04-16 07:17:35', '2020-04-16 07:17:35'),
(361, 4, 23, 1, '2020-04-16 07:17:35', '2020-04-16 07:17:35'),
(362, 4, 24, 0, '2020-04-16 07:17:35', '2020-04-16 07:17:35'),
(363, 4, 25, 1, '2020-04-16 07:17:35', '2020-04-16 07:17:35'),
(364, 4, 26, 1, '2020-04-16 07:17:35', '2020-04-16 07:17:35'),
(365, 4, 27, 1, '2020-04-16 07:17:35', '2020-04-16 07:17:35'),
(366, 4, 28, 0, '2020-04-16 07:17:35', '2020-04-16 07:17:35'),
(367, 4, 29, 0, '2020-04-16 07:17:35', '2020-04-16 07:17:35'),
(368, 4, 30, 0, '2020-04-16 07:17:35', '2020-04-16 07:17:35'),
(369, 4, 31, 0, '2020-04-16 07:17:35', '2020-04-16 07:17:35'),
(370, 4, 32, 0, '2020-04-16 07:17:35', '2020-04-16 07:17:35'),
(371, 4, 33, 0, '2020-04-16 07:17:35', '2020-04-16 07:17:35'),
(372, 4, 34, 0, '2020-04-16 07:17:35', '2020-04-16 07:17:35'),
(373, 4, 35, 0, '2020-04-16 07:17:35', '2020-04-16 07:17:35'),
(374, 4, 36, 0, '2020-04-16 07:17:36', '2020-04-16 07:17:36'),
(375, 4, 37, 0, '2020-04-16 07:17:36', '2020-04-16 07:17:36'),
(376, 4, 38, 0, '2020-04-16 07:17:36', '2020-04-16 07:17:36'),
(377, 4, 39, 0, '2020-04-16 07:17:36', '2020-04-16 07:17:36'),
(378, 4, 40, 0, '2020-04-16 07:17:36', '2020-04-16 07:17:36'),
(379, 4, 41, 0, '2020-04-16 07:17:36', '2020-04-16 07:17:36'),
(380, 4, 42, 0, '2020-04-16 07:17:36', '2020-04-16 07:17:36');

-- --------------------------------------------------------

--
-- Table structure for table `users`
--

CREATE TABLE `users` (
  `id` bigint(20) UNSIGNED NOT NULL,
  `name` varchar(255) COLLATE utf8mb4_unicode_ci NOT NULL,
  `email` varchar(255) COLLATE utf8mb4_unicode_ci NOT NULL,
  `email_verified_at` timestamp NULL DEFAULT NULL,
  `password` varchar(255) COLLATE utf8mb4_unicode_ci NOT NULL,
  `remember_token` varchar(100) COLLATE utf8mb4_unicode_ci DEFAULT NULL,
  `created_at` timestamp NULL DEFAULT NULL,
  `updated_at` timestamp NULL DEFAULT NULL
) ENGINE=InnoDB DEFAULT CHARSET=utf8mb4 COLLATE=utf8mb4_unicode_ci;

--
-- Dumping data for table `users`
--

INSERT INTO `users` (`id`, `name`, `email`, `email_verified_at`, `password`, `remember_token`, `created_at`, `updated_at`) VALUES
(3, 'Siti Lathifah', 'sitilathifah@gmail.com', NULL, '$2y$10$t11mBGjTiMM0LGfnF1DCUeqJbOtkASD/lCXeWP0vIFSod/RhmYaWq', NULL, '2020-04-15 21:13:30', '2020-04-15 21:13:30'),
(4, 'Siti Maryam', 'sitimaryam@gmail.com', NULL, '$2y$10$inDdqMvAtKpEdRnWX6g1DOX.OU2gUES2MBrqFnyIOzCrUm5Yst6Ri', NULL, '2020-04-16 00:00:02', '2020-04-16 00:00:02');

--
-- Indexes for dumped tables
--

--
-- Indexes for table `failed_jobs`
--
ALTER TABLE `failed_jobs`
  ADD PRIMARY KEY (`id`);

--
-- Indexes for table `migrations`
--
ALTER TABLE `migrations`
  ADD PRIMARY KEY (`id`);

--
-- Indexes for table `password_resets`
--
ALTER TABLE `password_resets`
  ADD KEY `password_resets_email_index` (`email`);

--
-- Indexes for table `tb_pertanyaan`
--
ALTER TABLE `tb_pertanyaan`
  ADD PRIMARY KEY (`id_pertanyaan`);

--
-- Indexes for table `tb_survey`
--
ALTER TABLE `tb_survey`
  ADD PRIMARY KEY (`id_survey`),
  ADD KEY `id_pertanyaan` (`id_pertanyaan`),
  ADD KEY `id` (`id`);

--
-- Indexes for table `users`
--
ALTER TABLE `users`
  ADD PRIMARY KEY (`id`),
  ADD UNIQUE KEY `users_email_unique` (`email`);

--
-- AUTO_INCREMENT for dumped tables
--

--
-- AUTO_INCREMENT for table `failed_jobs`
--
ALTER TABLE `failed_jobs`
  MODIFY `id` bigint(20) UNSIGNED NOT NULL AUTO_INCREMENT;

--
-- AUTO_INCREMENT for table `migrations`
--
ALTER TABLE `migrations`
  MODIFY `id` int(10) UNSIGNED NOT NULL AUTO_INCREMENT, AUTO_INCREMENT=4;

--
-- AUTO_INCREMENT for table `tb_pertanyaan`
--
ALTER TABLE `tb_pertanyaan`
  MODIFY `id_pertanyaan` int(50) NOT NULL AUTO_INCREMENT, AUTO_INCREMENT=43;

--
-- AUTO_INCREMENT for table `tb_survey`
--
ALTER TABLE `tb_survey`
  MODIFY `id_survey` int(20) NOT NULL AUTO_INCREMENT, AUTO_INCREMENT=381;

--
-- AUTO_INCREMENT for table `users`
--
ALTER TABLE `users`
  MODIFY `id` bigint(20) UNSIGNED NOT NULL AUTO_INCREMENT, AUTO_INCREMENT=5;

--
-- Constraints for dumped tables
--

--
-- Constraints for table `tb_survey`
--
ALTER TABLE `tb_survey`
  ADD CONSTRAINT `tb_survey_ibfk_1` FOREIGN KEY (`id_pertanyaan`) REFERENCES `tb_pertanyaan` (`id_pertanyaan`);
COMMIT;

/*!40101 SET CHARACTER_SET_CLIENT=@OLD_CHARACTER_SET_CLIENT */;
/*!40101 SET CHARACTER_SET_RESULTS=@OLD_CHARACTER_SET_RESULTS */;
/*!40101 SET COLLATION_CONNECTION=@OLD_COLLATION_CONNECTION */;
